requirement	MortgageCalculator.affordabilityStressTest	{ id := { value := "mortgage.rule.affordability-stress-test", property := MortgageCalculator.affordabilityStressTest._proof_1 }, shall := { value := "Estimate household debt-servicing capacity by assessing the proposed and existing interest-bearing debt at the greater of each current rate plus 3 percentage points or 7 percent, and by assessing revolving credit facilities at full utilisation; show monthly net household income remaining after normal living expenses and stressed debt payments.", property := MortgageCalculator.affordabilityStressTest._proof_2 }, strength := LeanSpec.Strength.must, scenarios := { items := #[{ name := { value := "show stressed household budget", property := MortgageCalculator.affordabilityStressTest._proof_3 }, given? := some { value := "the user has entered household income, normal living expenses, other debt payments, and revolving credit limits", property := MortgageCalculator.affordabilityStressTest._proof_4 }, whenText := { value := "the calculator evaluates affordability", property := MortgageCalculator.affordabilityStressTest._proof_5 }, thenText := { value := "the result shows the applied stress rate, assessed payments, and estimated monthly surplus or shortfall", property := MortgageCalculator.affordabilityStressTest._proof_6 }, «check» := LeanSpec.CheckStatus.deferred { value := "Complete household-debt modelling is not implemented", property := MortgageCalculator.affordabilityStressTest._proof_7 } }], property := MortgageCalculator.affordabilityStressTest._proof_8 } }
requirement	MortgageCalculator.amortizationVisualization	{ id := { value := "mortgage.visualization.amortization", property := MortgageCalculator.amortizationVisualization._proof_1 }, shall := { value := "Let the user compare a current mortgage scenario with an alternative by changing loan term, annual interest rate, and initial own funds (egenkapital/down payment). Visualize periodic principal and interest payments, cumulative principal repaid, and remaining loan balance over time; keep initial own funds distinct from amounts repaid after purchase, and do not imply future property-value changes.", property := MortgageCalculator.amortizationVisualization._proof_2 }, strength := LeanSpec.Strength.must, scenarios := { items := #[{ name := { value := "compare mortgage scenarios", property := MortgageCalculator.amortizationVisualization._proof_3 }, given? := some { value := "the user has entered a valid mortgage scenario and selected different term, interest-rate, or initial-own-funds assumptions for comparison", property := MortgageCalculator.amortizationVisualization._proof_4 }, whenText := { value := "the user requests a comparison", property := MortgageCalculator.amortizationVisualization._proof_5 }, thenText := { value := "the calculator shows both scenarios' payment and balance trajectories over their respective terms and identifies the assumptions used", property := MortgageCalculator.amortizationVisualization._proof_6 }, «check» := LeanSpec.CheckStatus.deferred { value := "Scenario comparison visualization is not implemented", property := MortgageCalculator.amortizationVisualization._proof_7 } }], property := MortgageCalculator.amortizationVisualization._proof_8 } }
requirement	MortgageCalculator.currentRuleDisclosure	{ id := { value := "mortgage.rules.source-and-currency", property := MortgageCalculator.currentRuleDisclosure._proof_1 }, shall := { value := "Identify the Norwegian Lending Regulations (Forskrift om finansforetakenes utlånspraksis), the rule version or verification date used, and a link to https://lovdata.no/dokument/SF/forskrift/2020-12-09-2648; state that the Norwegian text is authoritative and that lender assessments, additional collateral, refinancing rules, and permitted flexibility-quota exceptions are not fully modelled.", property := MortgageCalculator.currentRuleDisclosure._proof_2 }, strength := LeanSpec.Strength.must, scenarios := { items := #[{ name := { value := "disclose source and limitations", property := MortgageCalculator.currentRuleDisclosure._proof_3 }, given? := some { value := "the calculator displays rule indicators based on rules verified on 2026-10-01", property := MortgageCalculator.currentRuleDisclosure._proof_4 }, whenText := { value := "the user views the results", property := MortgageCalculator.currentRuleDisclosure._proof_5 }, thenText := { value := "the official source, verification date, and limitations are available with the result", property := MortgageCalculator.currentRuleDisclosure._proof_6 }, «check» := LeanSpec.CheckStatus.deferred { value := "Rule-source disclosure is not implemented", property := MortgageCalculator.currentRuleDisclosure._proof_7 } }], property := MortgageCalculator.currentRuleDisclosure._proof_8 } }
requirement	MortgageCalculator.debtToIncomeLimit	{ id := { value := "mortgage.rule.debt-to-income", property := MortgageCalculator.debtToIncomeLimit._proof_1 }, shall := { value := "Compare the borrower's total debt, including the proposed mortgage, with qualifying annual income and flag a debt-to-income multiple above 5; allow the user to enter combined household figures for joint applicants.", property := MortgageCalculator.debtToIncomeLimit._proof_2 }, strength := LeanSpec.Strength.must, scenarios := { items := #[{ name := { value := "flag excessive debt-to-income", property := MortgageCalculator.debtToIncomeLimit._proof_3 }, given? := some { value := "total debt exceeds five times qualifying annual income", property := MortgageCalculator.debtToIncomeLimit._proof_4 }, whenText := { value := "the calculator evaluates the Norwegian lending-rule indicators", property := MortgageCalculator.loanToValueLimit._proof_5 }, thenText := { value := "the result identifies the five-times limit and shows the calculated multiple", property := MortgageCalculator.debtToIncomeLimit._proof_5 }, «check» := LeanSpec.CheckStatus.deferred { value := "Regulatory indicators are not implemented", property := MortgageCalculator.loanToValueLimit._proof_7 } }], property := MortgageCalculator.debtToIncomeLimit._proof_6 } }
requirement	MortgageCalculator.explainRuleResults	{ id := { value := "mortgage.results.explain-rules", property := MortgageCalculator.explainRuleResults._proof_1 }, shall := { value := "Present each rule indicator separately as within limit, above limit, or unable to assess, with the relevant input values and calculation; do not represent a rule-screening result as a loan approval or guarantee.", property := MortgageCalculator.explainRuleResults._proof_2 }, strength := LeanSpec.Strength.must, scenarios := { items := #[{ name := { value := "explain an above-limit result", property := MortgageCalculator.explainRuleResults._proof_3 }, given? := some { value := "one or more rule indicators are above their stated limits", property := MortgageCalculator.explainRuleResults._proof_4 }, whenText := { value := "the results are displayed", property := MortgageCalculator.explainRuleResults._proof_5 }, thenText := { value := "the calculator names each exceeded limit and states that a lender makes the final decision", property := MortgageCalculator.explainRuleResults._proof_6 }, «check» := LeanSpec.CheckStatus.deferred { value := "Results view is not implemented", property := MortgageCalculator.explainRuleResults._proof_7 } }], property := MortgageCalculator.explainRuleResults._proof_8 } }
requirement	MortgageCalculator.loanToValueLimit	{ id := { value := "mortgage.rule.loan-to-value", property := MortgageCalculator.loanToValueLimit._proof_1 }, shall := { value := "For a standard residential repayment mortgage, calculate loan-to-value using the proposed mortgage and other loans secured on the home, including housing-cooperative shared debt, divided by the entered prudent property value; flag a ratio above 90 percent.", property := MortgageCalculator.loanToValueLimit._proof_2 }, strength := LeanSpec.Strength.must, scenarios := { items := #[{ name := { value := "flag excessive loan-to-value", property := MortgageCalculator.loanToValueLimit._proof_3 }, given? := some { value := "the requested mortgage and other secured debt exceed 90 percent of the prudent property value", property := MortgageCalculator.loanToValueLimit._proof_4 }, whenText := { value := "the calculator evaluates the Norwegian lending-rule indicators", property := MortgageCalculator.loanToValueLimit._proof_5 }, thenText := { value := "the result identifies the loan-to-value limit and shows the calculated ratio", property := MortgageCalculator.loanToValueLimit._proof_6 }, «check» := LeanSpec.CheckStatus.deferred { value := "Regulatory indicators are not implemented", property := MortgageCalculator.loanToValueLimit._proof_7 } }], property := MortgageCalculator.loanToValueLimit._proof_8 } }
requirement	MortgageCalculator.repaymentEstimate	{ id := { value := "mortgage.repayment.estimate", property := MortgageCalculator.repaymentEstimate._proof_1 }, shall := { value := "Estimate monthly principal and interest payments and total interest for an annuity or serial repayment mortgage from the entered principal, nominal annual interest rate, and term; disclose that lender fees and lender-specific conventions may change actual payments.", property := MortgageCalculator.repaymentEstimate._proof_2 }, strength := LeanSpec.Strength.must, scenarios := { items := #[{ name := { value := "show repayment estimate", property := MortgageCalculator.repaymentEstimate._proof_3 }, given? := some { value := "the user has entered valid loan terms and selected a repayment type", property := MortgageCalculator.repaymentEstimate._proof_4 }, whenText := { value := "the user requests a calculation", property := MortgageCalculator.requiredInputs._proof_5 }, thenText := { value := "the calculator shows the estimated monthly payment, total interest, and selected repayment type", property := MortgageCalculator.repaymentEstimate._proof_5 }, «check» := LeanSpec.CheckStatus.deferred { value := "Repayment calculations are not implemented", property := MortgageCalculator.repaymentEstimate._proof_6 } }], property := MortgageCalculator.repaymentEstimate._proof_7 } }
requirement	MortgageCalculator.repaymentRequirement	{ id := { value := "mortgage.rule.minimum-repayments", property := MortgageCalculator.repaymentRequirement._proof_1 }, shall := { value := "When loan-to-value exceeds 60 percent, show the regulatory minimum annual repayment as the lower of 2.5 percent of the approved loan and the repayment on an equivalent 30-year annuity loan at the entered rate; otherwise show that this specific minimum does not apply.", property := MortgageCalculator.repaymentRequirement._proof_2 }, strength := LeanSpec.Strength.must, scenarios := { items := #[{ name := { value := "show minimum repayment above threshold", property := MortgageCalculator.repaymentRequirement._proof_3 }, given? := some { value := "loan-to-value is greater than 60 percent", property := MortgageCalculator.repaymentRequirement._proof_4 }, whenText := { value := "the calculator evaluates repayment requirements", property := MortgageCalculator.repaymentRequirement._proof_5 }, thenText := { value := "the result displays the calculated minimum annual repayment", property := MortgageCalculator.repaymentRequirement._proof_6 }, «check» := LeanSpec.CheckStatus.deferred { value := "Minimum-repayment calculation is not implemented", property := MortgageCalculator.repaymentRequirement._proof_7 } }], property := MortgageCalculator.repaymentRequirement._proof_8 } }
requirement	MortgageCalculator.requiredInputs	{ id := { value := "mortgage.inputs.required", property := MortgageCalculator.requiredInputs._proof_1 }, shall := { value := "Collect purchase price, optional one-time purchase costs, own funds, mortgage interest rate and term, repayment type, qualifying annual income, monthly net household income, normal monthly living expenses, and each existing debt's balance, interest rate, scheduled payment, remaining term, and any revolving credit limit, using NOK. Derive requested borrowing from purchase price plus purchase costs less own funds.", property := MortgageCalculator.requiredInputs._proof_2 }, strength := LeanSpec.Strength.must, scenarios := { items := #[{ name := { value := "reject invalid inputs", property := MortgageCalculator.requiredInputs._proof_3 }, given? := some { value := "a required amount is negative, the term or interest rate is invalid, or own funds and purchase costs leave no positive amount to borrow", property := MortgageCalculator.requiredInputs._proof_4 }, whenText := { value := "the user requests a calculation", property := MortgageCalculator.requiredInputs._proof_5 }, thenText := { value := "the calculator identifies the invalid fields and does not present a result", property := MortgageCalculator.requiredInputs._proof_6 }, «check» := LeanSpec.CheckStatus.deferred { value := "Input form and validation are not implemented", property := MortgageCalculator.requiredInputs._proof_7 } }], property := MortgageCalculator.requiredInputs._proof_8 } }
requirement	MortgageCalculator.systemAccessibility	{ id := { value := "mortgage.system.accessibility", property := MortgageCalculator.systemAccessibility._proof_1 }, shall := { value := "Make all form fields, calculate actions, validation messages, result statuses, and scenario controls operable and understandable with keyboard and assistive technology; use semantic labels, programmatically associated errors, visible focus, and responsive layouts without horizontal scrolling at narrow viewport widths. Provide chart values in an accessible table or equivalent text and do not encode scenario or payment meaning by color alone.", property := MortgageCalculator.systemAccessibility._proof_2 }, strength := LeanSpec.Strength.must, scenarios := { items := #[{ name := { value := "complete calculation by keyboard", property := MortgageCalculator.systemAccessibility._proof_3 }, given? := some { value := "the user navigates the page using only a keyboard", property := MortgageCalculator.systemAccessibility._proof_4 }, whenText := { value := "the user enters valid values and activates calculate", property := MortgageCalculator.systemAccessibility._proof_5 }, thenText := { value := "the user can reach the result and identify each rule status without a pointer", property := MortgageCalculator.systemAccessibility._proof_6 }, «check» := LeanSpec.CheckStatus.deferred { value := "Accessibility behavior is not implemented", property := MortgageCalculator.systemAccessibility._proof_7 } }, { name := { value := "read chart data without visual perception", property := MortgageCalculator.systemAccessibility._proof_8 }, given? := some { value := "the user uses a screen reader or cannot distinguish chart colors", property := MortgageCalculator.systemAccessibility._proof_9 }, whenText := { value := "the user views a scenario comparison", property := MortgageCalculator.systemAccessibility._proof_10 }, thenText := { value := "the user can identify each scenario, time period, payment breakdown, cumulative principal, and remaining balance from the accessible data representation", property := MortgageCalculator.systemAccessibility._proof_11 }, «check» := LeanSpec.CheckStatus.deferred { value := "Accessible chart representation is not implemented", property := MortgageCalculator.systemAccessibility._proof_12 } }], property := MortgageCalculator.systemAccessibility._proof_13 } }
requirement	MortgageCalculator.systemCalculationCore	{ id := { value := "mortgage.system.calculation-core", property := MortgageCalculator.systemCalculationCore._proof_1 }, shall := { value := "Refine mortgage.repayment.estimate: implement the calculation core as deterministic, side-effect-free TypeScript functions with explicit input and result types; represent NOK internally as integer ore and annual rates as integer basis points, and define rounding at the payment boundary.", property := MortgageCalculator.systemCalculationCore._proof_2 }, strength := LeanSpec.Strength.must, scenarios := { items := #[{ name := { value := "calculate without hidden state", property := MortgageCalculator.systemCalculationCore._proof_3 }, given? := some { value := "the same valid typed input is submitted more than once", property := MortgageCalculator.systemCalculationCore._proof_4 }, whenText := { value := "the pure calculation function is called", property := MortgageCalculator.systemCalculationCore._proof_5 }, thenText := { value := "each call returns the same result and performs no network or storage operation", property := MortgageCalculator.systemCalculationCore._proof_6 }, «check» := LeanSpec.CheckStatus.deferred { value := "The TypeScript calculation core is not implemented", property := MortgageCalculator.systemCalculationCore._proof_7 } }], property := MortgageCalculator.systemCalculationCore._proof_8 } }
requirement	MortgageCalculator.systemEvidence	{ id := { value := "mortgage.system.evidence", property := MortgageCalculator.systemEvidence._proof_1 }, shall := { value := "For every supported calculation and rule, provide named TypeScript tests for nominal and boundary cases; maintain a small Lean 4 reference model for arithmetic invariants and use shared test vectors to compare the TypeScript implementation with the model. Record unresolved proof obligations as open rather than claiming the TypeScript implementation itself is kernel-verified.", property := MortgageCalculator.systemEvidence._proof_2 }, strength := LeanSpec.Strength.must, scenarios := { items := #[{ name := { value := "cover regulatory boundaries", property := MortgageCalculator.systemEvidence._proof_3 }, given? := some { value := "a supported calculation or rule has a threshold", property := MortgageCalculator.systemEvidence._proof_4 }, whenText := { value := "the test suite runs", property := MortgageCalculator.systemEvidence._proof_5 }, thenText := { value := "it checks values immediately below, exactly at, and immediately above the threshold", property := MortgageCalculator.systemEvidence._proof_6 }, «check» := LeanSpec.CheckStatus.deferred { value := "Calculation tests and the Lean reference model are not implemented", property := MortgageCalculator.systemEvidence._proof_7 } }], property := MortgageCalculator.systemEvidence._proof_8 } }
requirement	MortgageCalculator.systemFrontendContract	{ id := { value := "mortgage.system.frontend-contract", property := MortgageCalculator.systemFrontendContract._proof_1 }, shall := { value := "Refine mortgage.results.explain-rules and mortgage.rules.source-and-currency: implement a Norwegian Bokmal, responsive browser interface in TypeScript with a grouped mortgage form, an explicit calculate action, field-level validation, and a results view driven only by typed calculation and rule-assessment results. Keep presentation and financial calculations in separate modules.", property := MortgageCalculator.systemFrontendContract._proof_2 }, strength := LeanSpec.Strength.must, scenarios := { items := #[{ name := { value := "render typed results", property := MortgageCalculator.systemFrontendContract._proof_3 }, given? := some { value := "valid form input has produced a typed calculation result and rule assessments", property := MortgageCalculator.systemFrontendContract._proof_4 }, whenText := { value := "the user requests a calculation", property := MortgageCalculator.requiredInputs._proof_5 }, thenText := { value := "the results view presents the estimate, each rule status, its threshold and explanation, and the source disclosure without recalculating financial rules in the UI", property := MortgageCalculator.systemFrontendContract._proof_5 }, «check» := LeanSpec.CheckStatus.deferred { value := "The browser interface is not implemented", property := MortgageCalculator.systemFrontendContract._proof_6 } }], property := MortgageCalculator.systemFrontendContract._proof_7 } }
requirement	MortgageCalculator.systemInputContract	{ id := { value := "mortgage.system.input-contract", property := MortgageCalculator.systemInputContract._proof_1 }, shall := { value := "Refine mortgage.inputs.required: expose a typed MortgageInput contract and validate all field and cross-field constraints before calculation; invalid input returns field-addressed issues and cannot produce a CalculationResult.", property := MortgageCalculator.systemInputContract._proof_2 }, strength := LeanSpec.Strength.must, scenarios := { items := #[{ name := { value := "return field-addressed validation issues", property := MortgageCalculator.systemInputContract._proof_3 }, given? := some { value := "one or more required mortgage inputs are invalid", property := MortgageCalculator.systemInputContract._proof_4 }, whenText := { value := "the calculation service receives the input", property := MortgageCalculator.systemInputContract._proof_5 }, thenText := { value := "it returns validation issues identifying the affected fields and no result", property := MortgageCalculator.systemInputContract._proof_6 }, «check» := LeanSpec.CheckStatus.deferred { value := "The TypeScript input contract is not implemented", property := MortgageCalculator.systemInputContract._proof_7 } }], property := MortgageCalculator.systemInputContract._proof_8 } }
requirement	MortgageCalculator.systemPrivacy	{ id := { value := "mortgage.system.privacy", property := MortgageCalculator.systemPrivacy._proof_1 }, shall := { value := "Keep entered financial data in browser memory for the active page session only; do not transmit, persist, or send it to analytics in the initial release.", property := MortgageCalculator.systemPrivacy._proof_2 }, strength := LeanSpec.Strength.must, scenarios := { items := #[{ name := { value := "keep calculation data local", property := MortgageCalculator.systemPrivacy._proof_3 }, given? := some { value := "the user enters household income, debt, and property figures", property := MortgageCalculator.systemPrivacy._proof_4 }, whenText := { value := "the calculator computes and displays a result", property := MortgageCalculator.systemPrivacy._proof_5 }, thenText := { value := "the values are processed locally and are not sent to a server, persistent browser storage, or analytics", property := MortgageCalculator.systemPrivacy._proof_6 }, «check» := LeanSpec.CheckStatus.deferred { value := "The browser data flow is not implemented", property := MortgageCalculator.systemPrivacy._proof_7 } }], property := MortgageCalculator.systemPrivacy._proof_8 } }
requirement	MortgageCalculator.systemRulePolicy	{ id := { value := "mortgage.system.rule-policy", property := MortgageCalculator.systemRulePolicy._proof_1 }, shall := { value := "Refine mortgage.rule.loan-to-value, mortgage.rule.debt-to-income, mortgage.rule.affordability-stress-test, and mortgage.rule.minimum-repayments: keep Norwegian rule values in a typed, versioned RuleSet separate from repayment formulas, and return a per-rule assessment with status, measured value, threshold, and explanation. Unsupported or incomplete cases must be marked unable to assess, never within limit.", property := MortgageCalculator.systemRulePolicy._proof_2 }, strength := LeanSpec.Strength.must, scenarios := { items := #[{ name := { value := "report unsupported rule cases honestly", property := MortgageCalculator.systemRulePolicy._proof_3 }, given? := some { value := "the input uses a fixed-rate expiry case or another case outside the supported RuleSet", property := MortgageCalculator.systemRulePolicy._proof_4 }, whenText := { value := "the rule assessment is calculated", property := MortgageCalculator.systemRulePolicy._proof_5 }, thenText := { value := "the affected rule is marked unable to assess and is not reported as passing", property := MortgageCalculator.systemRulePolicy._proof_6 }, «check» := LeanSpec.CheckStatus.deferred { value := "Versioned rule assessment is not implemented", property := MortgageCalculator.systemRulePolicy._proof_7 } }], property := MortgageCalculator.systemRulePolicy._proof_8 } }
requirement	MortgageCalculator.systemVisualization	{ id := { value := "mortgage.system.visualization", property := MortgageCalculator.systemVisualization._proof_1 }, shall := { value := "Refine mortgage.visualization.amortization: derive chart series from the typed amortization schedule, compare a baseline with one alternative scenario, and keep charting separate from mortgage and rule calculations. Show scheduled principal and interest, cumulative principal repaid, and remaining loan balance on a time axis; also provide the plotted values as an accessible table or equivalent text.", property := MortgageCalculator.systemVisualization._proof_2 }, strength := LeanSpec.Strength.must, scenarios := { items := #[{ name := { value := "update and expose comparison series", property := MortgageCalculator.systemVisualization._proof_3 }, given? := some { value := "the alternative scenario changes term, annual interest rate, or initial own funds", property := MortgageCalculator.systemVisualization._proof_4 }, whenText := { value := "the user recalculates the comparison", property := MortgageCalculator.systemVisualization._proof_5 }, thenText := { value := "the chart, accessible data representation, and scenario summaries all use the same recalculated schedules", property := MortgageCalculator.systemVisualization._proof_6 }, «check» := LeanSpec.CheckStatus.deferred { value := "Typed schedule visualization is not implemented", property := MortgageCalculator.systemVisualization._proof_7 } }], property := MortgageCalculator.systemVisualization._proof_8 } }
guard	3283e35a9203	#guard mortgageDesignSnapshot.designs.size == 8
guard	8d3e97ed1911	#guard mortgageDesignSnapshot.wellFormed
guard	99e9ac28ce81	#guard mortgageDesignSnapshot.requirements.size == 17
